hosting_cluster,provider_count,country_count,provider_examples,country_examples,observed_records_bucket,dependency_score,dependency_class
HostingCluster-001,50,22,NordVPN; CyberGhost; AirVPN; ProtonVPN; TorGuard; Windscribe,Romania; United States; United Kingdom; Serbia; Belgium,1k-4.9k,0.90,core-vpn-hosting
HostingCluster-002,28,5,Astrill; Psiphon; WiTopia; VPNSecure; VPN Jantit; Sentinel dVPN,France; Canada; Poland; Australia; Singapore,100-499,0.72,important-vpn-hosting
HostingCluster-003,24,1,VPN Unlimited; Psiphon; Vpnht; Riseup VPN; VPN.ac; WiTopia,France,100-499,0.62,important-vpn-hosting
HostingCluster-004,21,37,NordVPN; CyberGhost; ProtonVPN; Windscribe; Astrill; Mullvad,United Kingdom; United States; Canada; United Kingdom; Japan,5k-9.9k,0.79,important-vpn-hosting
HostingCluster-005,21,14,NordVPN; ProtonVPN; CyberGhost; Mullvad; IVPN; Windscribe,United Kingdom; United States; Japan; Poland; Singapore,1k-4.9k,0.73,important-vpn-hosting
HostingCluster-006,19,3,Psiphon; TunnelBear; VPN Unlimited; PhantomPeer; TorGuard; uVPN,United States; India; Netherlands,100-499,0.62,important-vpn-hosting
HostingCluster-007,19,1,IPVanish; WLVPN; NordVPN; EasyHideIP; Anonine; FrootVPN,United Kingdom,100-499,0.58,important-vpn-hosting
HostingCluster-008,18,3,CyberGhost; Private Internet Access; Anonine; Froot; FrootVPN; ExpressVPN,Sweden; Denmark; Finland,100-499,0.61,important-vpn-hosting
HostingCluster-009,18,2,Kompot VPN; Windscribe; SwitchVPN; Anonine; FrootVPN; BoxPN,Panama; Switzerland,50-99,0.60,important-vpn-hosting
HostingCluster-010,17,4,NordVPN; ExpressVPN; Astrill; IPVanish; WLVPN; PureVPN,United States; Mexico; Chile; Brazil,100-499,0.62,important-vpn-hosting
HostingCluster-011,16,1,Sentinel dVPN; Astrill; IPVanish; WLVPN; Windscribe; VPN.ac,United States,500-999,0.55,niche-vpn-hosting
HostingCluster-012,16,2,CyberGhost; AirVPN; Psiphon; NordVPN; Windscribe; VPN.ac,Netherlands; Bulgaria,100-499,0.58,important-vpn-hosting
HostingCluster-013,16,1,WLVPN; IPVanish; Mullvad; FrootVPN; EasyHideIP; Anonine,Finland,50-99,0.55,niche-vpn-hosting
HostingCluster-014,15,1,AirVPN; WiTopia; VPN Unlimited; Sentinel dVPN; IVPN; Astrill,Canada,100-499,0.54,niche-vpn-hosting
HostingCluster-015,15,1,Astrill; VPN Unlimited; SwitchVPN; VPN Jantit; FlowVPN; Safervpn,United States,100-499,0.54,niche-vpn-hosting
HostingCluster-016,15,3,Astrill; Anonine; FrootVPN; BoxPN; EasyHideIP; Windscribe,United States; Canada; United Kingdom,100-499,0.58,important-vpn-hosting
HostingCluster-017,14,11,Mullvad; NordVPN; Surfshark; Astrill; IPVanish; WLVPN,India; Spain; Portugal; France; United States,100-499,0.64,important-vpn-hosting
HostingCluster-018,14,2,NordVPN; Mullvad; ProtonVPN; Anonine; EasyHideIP; FrootVPN,Australia; New Zealand,100-499,0.55,important-vpn-hosting
HostingCluster-019,14,5,ExpressVPN; WLVPN; IPVanish; Mullvad; Astrill; GhostPath,United Kingdom; United States; France; Germany; Netherlands,100-499,0.60,important-vpn-hosting
HostingCluster-020,14,1,Astrill; VPN.ac; Windscribe; Zoogvpn; WiTopia; VPN Unlimited,United States,50-99,0.53,niche-vpn-hosting
HostingCluster-021,14,1,EasyHideIP; BoxPN; Anonine; FrootVPN; VPN.ac; IVPN,Netherlands,50-99,0.53,niche-vpn-hosting
HostingCluster-022,14,1,CyberGhost; IPVanish; WLVPN; Windscribe; Astrill; PureVPN,Moldova,50-99,0.53,niche-vpn-hosting
HostingCluster-023,14,2,VPNUK; HideIPVPN; WiTopia; FlowVPN; Anonine; BoxPN,United Kingdom; United Kingdom,50-99,0.55,important-vpn-hosting
HostingCluster-024,13,27,OysterVPN; FlowVPN; VPN Unlimited; Sentinel dVPN; VPNUK; FastestVPN,Canada; United States; India; Portugal; European Union,100-499,0.69,important-vpn-hosting
HostingCluster-025,13,1,NordVPN; ExpressVPN; Windscribe; BoxPN; EasyHideIP; FrootVPN,Brazil,100-499,0.51,niche-vpn-hosting
HostingCluster-026,12,1,Windscribe; CyberGhost; WLVPN; IPVanish; ProtonVPN; ExpressVPN,Estonia,100-499,0.50,niche-vpn-hosting
HostingCluster-027,11,6,NordVPN; CyberGhost; Private Internet Access; ExpressVPN; PureVPN; IPVanish,Australia; United States; Singapore; Philippines; Oman,1k-4.9k,0.57,important-vpn-hosting
HostingCluster-028,11,4,TunnelBear; IPVanish; WLVPN; Mullvad; Windscribe; PrivateVPN,United States; Malaysia; Philippines; Indonesia,100-499,0.55,niche-vpn-hosting
HostingCluster-029,11,1,CyberGhost; WLVPN; IPVanish; Mullvad; PureVPN; ExpressVPN,Albania,50-99,0.49,niche-vpn-hosting
HostingCluster-030,11,1,WiTopia; BoxPN; FrootVPN; Anonine; EasyHideIP; VPN Unlimited,Canada,50-99,0.49,niche-vpn-hosting
HostingCluster-031,11,1,Astrill; BoxPN; Anonine; EasyHideIP; FrootVPN; WiTopia,South Korea,lt-50,0.49,niche-vpn-hosting
HostingCluster-032,11,1,TunnelBear; Astrill; VPN.ac; IVPN; VPNSecure; Proxpn,Hong Kong,lt-50,0.49,niche-vpn-hosting
HostingCluster-033,10,3,NordVPN; WLVPN; IPVanish; Astrill; ExpressVPN; StrongVPN,United Kingdom; United States; United Kingdom,1k-4.9k,0.52,niche-vpn-hosting
HostingCluster-034,10,4,Astrill; CyberGhost; IPVanish; WLVPN; Private Internet Access; Psiphon,United States; Canada; Germany; Czechia,500-999,0.53,niche-vpn-hosting
HostingCluster-035,10,5,NordVPN; WLVPN; IPVanish; Surfshark; Astrill; WiTopia,United Kingdom; United Kingdom; France; Netherlands; Switzerland,500-999,0.54,niche-vpn-hosting
HostingCluster-036,10,1,Windscribe; VPN.ac; WiTopia; AirVPN; TorGuard; PrivateVPN,Australia,50-99,0.47,niche-vpn-hosting
HostingCluster-037,10,1,Anonine; BoxPN; EasyHideIP; FrootVPN; VPN Unlimited; Zoogvpn,Germany,50-99,0.47,niche-vpn-hosting
HostingCluster-038,9,1,IPVanish; WLVPN; ProtonVPN; VPN.ac; BTGuard; Astrill,Netherlands,100-499,0.45,niche-vpn-hosting
HostingCluster-039,9,1,FrootVPN; EasyHideIP; Anonine; BoxPN; Windscribe; IVPN,Israel,50-99,0.45,niche-vpn-hosting
HostingCluster-040,9,1,TunnelBear; PureVPN; Astrill; Sentinel dVPN; ExpressVPN; VPN Unlimited,United States,50-99,0.45,niche-vpn-hosting
HostingCluster-041,9,1,WLVPN; IPVanish; BoxPN; Anonine; FrootVPN; EasyHideIP,Costa Rica,lt-50,0.45,niche-vpn-hosting
HostingCluster-042,9,1,FrootVPN; Anonine; BoxPN; EasyHideIP; SmartVPN; Trust.Zone,Canada,lt-50,0.45,niche-vpn-hosting
HostingCluster-043,9,1,SwitchVPN; WiTopia; Astrill; VPNUK; TunnelBear; AnonymousVPN,Italy,lt-50,0.45,niche-vpn-hosting
HostingCluster-044,8,13,VPN Unlimited; WorldVPN; AnonymousVPN; FlowVPN; VPNUK; VPN Jantit,Netherlands; Ireland; Luxembourg; Belgium; Malaysia,100-499,0.56,important-vpn-hosting
HostingCluster-045,8,1,FrootVPN; Anonine; BoxPN; EasyHideIP; Zoogvpn; CactusVPN,Ukraine,lt-50,0.44,niche-vpn-hosting
HostingCluster-046,8,4,GhostPath; Safervpn; Le VPN; Astrill; FlowVPN; Smartdnsproxy,Austria; Netherlands; Belgium; Russia,lt-50,0.50,niche-vpn-hosting
HostingCluster-047,8,1,WiTopia; Astrill; VPNUK; Sentinel dVPN; Hide.me; FlowVPN,United States,lt-50,0.44,niche-vpn-hosting
HostingCluster-048,8,1,Astrill; FlowVPN; PrivateVPN; VPN Unlimited; Safervpn; FastestVPN,South Africa,lt-50,0.44,niche-vpn-hosting
HostingCluster-049,7,1,Mullvad; AirVPN; Windscribe; IVPN; Sentinel dVPN; AzireVPN,United States,500-999,0.42,niche-vpn-hosting
HostingCluster-050,7,2,WLVPN; IPVanish; Vpnht; PureVPN; Psiphon; StrongVPN,United Kingdom; United Kingdom,100-499,0.44,niche-vpn-hosting
HostingCluster-051,7,1,IPVanish; WLVPN; Windscribe; StrongVPN; Astrill; Surfshark,United States,100-499,0.42,niche-vpn-hosting
HostingCluster-052,7,1,CyberGhost; Windscribe; NordVPN; ExpressVPN; Private Internet Access; ProtonVPN,United Kingdom,50-99,0.42,niche-vpn-hosting
HostingCluster-053,7,1,CyberGhost; Astrill; WiTopia; Private Internet Access; ExpressVPN; ProtonVPN,Lithuania,50-99,0.42,niche-vpn-hosting
HostingCluster-054,7,2,CyberGhost; Windscribe; Private Internet Access; NordVPN; Cryptostorm; ExpressVPN,United Kingdom; Spain,50-99,0.44,niche-vpn-hosting
HostingCluster-055,7,1,EasyHideIP; Anonine; BoxPN; FrootVPN; Windscribe; Surfshark,Poland,lt-50,0.42,niche-vpn-hosting
HostingCluster-056,7,2,Astrill; PureVPN; Sentinel dVPN; FlowVPN; Ivacy; BTGuard,Lithuania; Latvia,lt-50,0.44,niche-vpn-hosting
HostingCluster-057,7,10,OysterVPN; VPN Jantit; Zoogvpn; Sentinel dVPN; FlowVPN; Le VPN,Hong Kong; Antigua & Barbuda; Vietnam; Brazil; South Korea,lt-50,0.53,niche-vpn-hosting
HostingCluster-058,7,3,PureVPN; PrivateVPN; VPN Jantit; Ivacy; FlowVPN; CactusVPN,Luxembourg; Israel; South Korea,lt-50,0.46,niche-vpn-hosting
HostingCluster-059,7,2,Le VPN; Smartdnsproxy; AnonymousVPN; VPN Jantit; uVPN; KevinVPN,Luxembourg; Türkiye,lt-50,0.44,niche-vpn-hosting
HostingCluster-060,7,1,TorGuard; Astrill; IVPN; PrivateVPN; VPN.ac; FlowVPN,Portugal,lt-50,0.42,niche-vpn-hosting
HostingCluster-061,7,1,WiTopia; Le VPN; GhostPath; Proxpn; IVPN; PrivateVPN,Iceland,lt-50,0.42,niche-vpn-hosting
HostingCluster-062,6,1,Astrill; Anonine; FrootVPN; EasyHideIP; BoxPN; Froot,United States,100-499,0.39,niche-vpn-hosting
HostingCluster-063,6,1,WLVPN; IPVanish; Astrill; StrongVPN; TorGuard; Zoogvpn,Canada,100-499,0.39,niche-vpn-hosting
HostingCluster-064,6,2,WorldVPN; Sentinel dVPN; Astrill; uVPN; HideIPVPN; CactusVPN,Germany; Finland,50-99,0.42,niche-vpn-hosting
HostingCluster-065,6,1,AirVPN; WiTopia; Astrill; VPN Unlimited; FastestVPN; AzireVPN,United States,50-99,0.39,niche-vpn-hosting
HostingCluster-066,6,7,WorldVPN; Sentinel dVPN; AzireVPN; FlowVPN; KevinVPN; AnonymousVPN,United States; Australia; Singapore; Sweden; Austria,50-99,0.48,niche-vpn-hosting
HostingCluster-067,6,2,Astrill; Proxpn; VPN Unlimited; GhostPath; CactusVPN; Anonvpn,United States; Netherlands,50-99,0.42,niche-vpn-hosting
HostingCluster-068,6,1,TorGuard; FrootVPN; Anonine; EasyHideIP; BoxPN; GhostPath,Norway,lt-50,0.39,niche-vpn-hosting
HostingCluster-069,6,1,EasyHideIP; BoxPN; Anonine; FrootVPN; VPNSecure; VPNUK,United Kingdom,lt-50,0.39,niche-vpn-hosting
HostingCluster-070,6,1,SwitchVPN; FrootVPN; EasyHideIP; BoxPN; Anonine; CactusVPN,Hong Kong,lt-50,0.39,niche-vpn-hosting
HostingCluster-071,6,1,EasyHideIP; FrootVPN; Anonine; BoxPN; Sentinel dVPN; Trust.Zone,Türkiye,lt-50,0.39,niche-vpn-hosting
HostingCluster-072,6,1,FrootVPN; BoxPN; EasyHideIP; Anonine; Astrill; CactusVPN,Malaysia,lt-50,0.39,niche-vpn-hosting
HostingCluster-073,6,1,BoxPN; Anonine; FrootVPN; EasyHideIP; FlowVPN; Froot,Canada,lt-50,0.39,niche-vpn-hosting
HostingCluster-074,6,2,ProtonVPN; WiTopia; SwitchVPN; HideIPVPN; PrivateVPN; GhostPath,United States; Luxembourg,lt-50,0.42,niche-vpn-hosting
HostingCluster-075,6,1,Astrill; IVPN; VPN.ac; Safervpn; Getflix; Smartdnsproxy,Norway,lt-50,0.39,niche-vpn-hosting
HostingCluster-076,6,1,Smartdnsproxy; AnonymousVPN; Trust.Zone; VPN.ac; SwitchVPN; FlowVPN,United States,lt-50,0.39,niche-vpn-hosting
HostingCluster-077,5,1,WLVPN; IPVanish; Astrill; StrongVPN; Sentinel dVPN,United States,100-499,0.36,niche-vpn-hosting
HostingCluster-078,5,9,PureVPN; IPVanish; WLVPN; Ivacy; StrongVPN,Malaysia; Panama; Taiwan; Afghanistan; Russia,50-99,0.47,niche-vpn-hosting
HostingCluster-079,5,1,NordVPN; Sentinel dVPN; TorGuard; Astrill; Surfshark,United States,50-99,0.36,niche-vpn-hosting
HostingCluster-080,5,1,BoxPN; EasyHideIP; Anonine; FrootVPN; Froot,United States,50-99,0.36,niche-vpn-hosting
HostingCluster-081,5,1,BoxPN; FrootVPN; EasyHideIP; Anonine; Astrill,Luxembourg,50-99,0.36,niche-vpn-hosting
HostingCluster-082,5,1,WiTopia; Astrill; VPN Unlimited; Le VPN; OysterVPN,United States,lt-50,0.36,niche-vpn-hosting
HostingCluster-083,5,1,Astrill; CyberGhost; Sentinel dVPN; ExpressVPN; NetShade,Germany,lt-50,0.36,niche-vpn-hosting
HostingCluster-084,5,3,NordVPN; IPVanish; WLVPN; Surfshark; Mullvad,India; Slovenia; United States,lt-50,0.41,niche-vpn-hosting
HostingCluster-085,5,1,WiTopia; Astrill; VPN.ac; VPN Unlimited; Cryptostorm,United States,lt-50,0.36,niche-vpn-hosting
HostingCluster-086,5,1,AirVPN; Astrill; WiTopia; IVPN; SwitchVPN,Malaysia,lt-50,0.36,niche-vpn-hosting
HostingCluster-087,5,1,Astrill; Windscribe; ProtonVPN; TorGuard; StrongVPN,United States,lt-50,0.36,niche-vpn-hosting
HostingCluster-088,5,1,Kompot VPN; Astrill; RedShield VPN; GhostPath; SlickVPN,United States,lt-50,0.36,niche-vpn-hosting
HostingCluster-089,5,1,Kompot VPN; GhostPath; Zoogvpn; PrivateVPN; FlowVPN,Estonia,lt-50,0.36,niche-vpn-hosting
HostingCluster-090,5,1,Cryptostorm; HideIPVPN; FastestVPN; PureVPN; Ivacy,United States,lt-50,0.36,niche-vpn-hosting
HostingCluster-091,5,1,PhantomPeer; Safervpn; SmartVPN; GhostPath; Proxpn,Switzerland,lt-50,0.36,niche-vpn-hosting
HostingCluster-092,5,1,VPN Unlimited; FastestVPN; IVPN; Sentinel dVPN; AnonymousVPN,Ukraine,lt-50,0.36,niche-vpn-hosting
HostingCluster-093,5,1,CactusVPN; Trust.Zone; PrivateVPN; IVPN; AzireVPN,Ukraine,lt-50,0.36,niche-vpn-hosting
HostingCluster-094,5,1,SmartVPN; Le VPN; Safervpn; GhostPath; VPNUK,Spain,lt-50,0.36,niche-vpn-hosting
HostingCluster-095,4,8,Psiphon; TunnelBear; GhostPath; SlickVPN,Singapore; United States; United Kingdom; Germany; Canada,100-499,0.43,niche-vpn-hosting
HostingCluster-096,4,1,Sentinel dVPN; Psiphon; VPN Jantit; Astrill,Germany,100-499,0.33,niche-vpn-hosting
HostingCluster-097,4,1,AirVPN; AzireVPN; VPN Unlimited; Kompot VPN,Netherlands,50-99,0.33,niche-vpn-hosting
HostingCluster-098,4,1,ProtonVPN; Astrill; Trust.Zone; Freevpn,Netherlands,50-99,0.33,niche-vpn-hosting
HostingCluster-099,4,1,AirVPN; Mullvad; IVPN; AzireVPN,Canada,50-99,0.33,niche-vpn-hosting
HostingCluster-100,4,1,Astrill; Windscribe; Sentinel dVPN; FlowVPN,Taiwan,lt-50,0.33,niche-vpn-hosting
HostingCluster-101,4,1,Astrill; CactusVPN; Sentinel dVPN; VPNUK,United States,lt-50,0.33,niche-vpn-hosting
HostingCluster-102,4,1,FrootVPN; Anonine; EasyHideIP; BoxPN,Spain,lt-50,0.33,niche-vpn-hosting
HostingCluster-103,4,1,EasyHideIP; Anonine; BoxPN; FrootVPN,Italy,lt-50,0.33,niche-vpn-hosting
HostingCluster-104,4,2,CyberGhost; NordVPN; Astrill; Private Internet Access,United States; Canada,lt-50,0.36,niche-vpn-hosting
HostingCluster-105,4,1,Mullvad; AzireVPN; PrivateVPN; SwitchVPN,Norway,lt-50,0.33,niche-vpn-hosting
HostingCluster-106,4,1,VPN Gate; Astrill; FlowVPN; Sentinel dVPN,South Korea,lt-50,0.33,niche-vpn-hosting
HostingCluster-107,4,1,Windscribe; WiTopia; GhostPath; Cryptostorm,United States,lt-50,0.33,niche-vpn-hosting
HostingCluster-108,4,1,WiTopia; Windscribe; GhostPath; SlickVPN,United States,lt-50,0.33,niche-vpn-hosting
HostingCluster-109,4,1,VPN.ac; Astrill; IVPN; VPNUK,Germany,lt-50,0.33,niche-vpn-hosting
HostingCluster-110,4,1,VPN.ac; PureVPN; Astrill; SwitchVPN,Canada,lt-50,0.33,niche-vpn-hosting
HostingCluster-111,4,1,CyberGhost; Windscribe; NordVPN; Private Internet Access,North Macedonia,lt-50,0.33,niche-vpn-hosting
HostingCluster-112,4,2,FastestVPN; Mullvad; Sentinel dVPN; AzireVPN,United Kingdom; United Kingdom,lt-50,0.36,niche-vpn-hosting
HostingCluster-113,4,1,Astrill; VPN.ac; Sentinel dVPN; Proxpn,Singapore,lt-50,0.33,niche-vpn-hosting
HostingCluster-114,4,3,Sentinel dVPN; FlowVPN; FreeVPN; WorldVPN,United States; Finland; Romania,lt-50,0.38,niche-vpn-hosting
HostingCluster-115,4,1,WorldVPN; VPN Unlimited; FlowVPN; CactusVPN,Italy,lt-50,0.33,niche-vpn-hosting
HostingCluster-116,4,2,PureVPN; Ivacy; VPN Gate; ProtonVPN,European Union; Estonia,lt-50,0.36,niche-vpn-hosting
HostingCluster-117,4,1,Astrill; VPN.ac; GhostPath; VPNUK,United States,lt-50,0.33,niche-vpn-hosting
HostingCluster-118,4,1,VPN Unlimited; FlowVPN; Safervpn; Vpnht,United States,lt-50,0.33,niche-vpn-hosting
HostingCluster-119,4,1,Astrill; VPN Unlimited; SlickVPN; GhostPath,United States,lt-50,0.33,niche-vpn-hosting
HostingCluster-120,4,1,VPN Unlimited; Astrill; Smartdnsproxy; Getflix,United States,lt-50,0.33,niche-vpn-hosting
HostingCluster-121,4,1,WiTopia; GhostPath; SmartVPN; Zoogvpn,Israel,lt-50,0.33,niche-vpn-hosting
HostingCluster-122,4,1,SotaVPN; FreeVPN; Safervpn; Zoogvpn,Netherlands,lt-50,0.33,niche-vpn-hosting
HostingCluster-123,4,1,Private Internet Access; Smartdnsproxy; CyberGhost; Getflix,Australia,lt-50,0.33,niche-vpn-hosting
HostingCluster-124,4,1,Windscribe; CactusVPN; IVPN; PrivateVPN,Brazil,lt-50,0.33,niche-vpn-hosting
HostingCluster-125,4,1,Astrill; Sentinel dVPN; FlowVPN; VPNSecure,Israel,lt-50,0.33,niche-vpn-hosting
HostingCluster-126,4,1,Astrill; VPN Jantit; Zoogvpn; GhostPath,Hungary,lt-50,0.33,niche-vpn-hosting
HostingCluster-127,4,1,Astrill; Smartdnsproxy; Getflix; Vpnht,Denmark,lt-50,0.33,niche-vpn-hosting
HostingCluster-128,4,1,Trust.Zone; Cryptostorm; IVPN; Goosevpn,United Kingdom,lt-50,0.33,niche-vpn-hosting
HostingCluster-129,3,1,WLVPN; IPVanish; StrongVPN,United States,1k-4.9k,0.29,limited-signal-hosting
HostingCluster-130,3,2,AirVPN; NordVPN; Surfshark,Netherlands; Belgium,500-999,0.32,niche-vpn-hosting
HostingCluster-131,3,1,WLVPN; IPVanish; StrongVPN,United States,500-999,0.29,limited-signal-hosting
HostingCluster-132,3,1,StrongVPN; WLVPN; IPVanish,United States,500-999,0.29,limited-signal-hosting
HostingCluster-133,3,1,OVPN; AzireVPN; PrivateVPN,Sweden,50-99,0.29,limited-signal-hosting
HostingCluster-134,3,1,WLVPN; IPVanish; StrongVPN,United States,50-99,0.29,limited-signal-hosting
HostingCluster-135,3,1,Astrill; NetShade; Sentinel dVPN,United States,50-99,0.29,limited-signal-hosting
HostingCluster-136,3,1,AirVPN; Windscribe; WiTopia,Latvia,lt-50,0.29,limited-signal-hosting
HostingCluster-137,3,2,VPN Jantit; Sentinel dVPN; WorldVPN,China; Philippines,lt-50,0.32,niche-vpn-hosting
HostingCluster-138,3,1,Sentinel dVPN; FlowVPN; Windscribe,Vietnam,lt-50,0.29,limited-signal-hosting
HostingCluster-139,3,1,VPN Jantit; Kompot VPN; FlowVPN,United Kingdom,lt-50,0.29,limited-signal-hosting
HostingCluster-140,3,2,Sentinel dVPN; FreeVPN; KevinVPN,Italy; Netherlands,lt-50,0.32,niche-vpn-hosting
HostingCluster-141,3,1,WiTopia; Astrill; Cryptostorm,United States,lt-50,0.29,limited-signal-hosting
HostingCluster-142,3,1,WLVPN; IPVanish; ProtonVPN,Japan,lt-50,0.29,limited-signal-hosting
HostingCluster-143,3,2,WorldVPN; VPN Jantit; AnonymousVPN,United States; Poland,lt-50,0.32,niche-vpn-hosting
HostingCluster-144,3,1,Astrill; Sentinel dVPN; KevinVPN,United States,lt-50,0.29,limited-signal-hosting
HostingCluster-145,3,1,Sentinel dVPN; KevinVPN; FreeVPN,United States,lt-50,0.29,limited-signal-hosting
HostingCluster-146,3,3,PrivateVPN; AzireVPN; AnonymousVPN,Sweden; United Kingdom; Denmark,lt-50,0.34,niche-vpn-hosting
HostingCluster-147,3,1,Astrill; ProtonVPN; Sentinel dVPN,Japan,lt-50,0.29,limited-signal-hosting
HostingCluster-148,3,1,NordVPN; Windscribe; Astrill,Albania,lt-50,0.29,limited-signal-hosting
HostingCluster-149,3,1,Windscribe; WiTopia; Astrill,India,lt-50,0.29,limited-signal-hosting
HostingCluster-150,3,3,FreeVPN; FlowVPN; VPN Jantit,United States; Switzerland; Luxembourg,lt-50,0.34,niche-vpn-hosting
HostingCluster-151,3,1,Astrill; Surfshark; GhostPath,United States,lt-50,0.29,limited-signal-hosting
HostingCluster-152,3,1,VPN.ac; Windscribe; IVPN,Iceland,lt-50,0.29,limited-signal-hosting
HostingCluster-153,3,2,WorldVPN; VPN Unlimited; VPN Jantit,United States; Ukraine,lt-50,0.32,niche-vpn-hosting
HostingCluster-154,3,1,Astrill; WiTopia; PureVPN,United States,lt-50,0.29,limited-signal-hosting
HostingCluster-155,3,1,Astrill; VPN.ac; VPN Unlimited,United States,lt-50,0.29,limited-signal-hosting
HostingCluster-156,3,1,FlowVPN; VPN Gate; Windscribe,South Korea,lt-50,0.29,limited-signal-hosting
HostingCluster-157,3,2,PureVPN; Ivacy; Trust.Zone,Seychelles; Hong Kong,lt-50,0.32,niche-vpn-hosting
HostingCluster-158,3,1,Psiphon; Astrill; VPN.ac,Lithuania,lt-50,0.29,limited-signal-hosting
HostingCluster-159,3,2,WorldVPN; AnonymousVPN; VPN Jantit,Bulgaria; United States,lt-50,0.32,niche-vpn-hosting
HostingCluster-160,3,1,Vpnht; Kompot VPN; Sentinel dVPN,United Kingdom,lt-50,0.29,limited-signal-hosting
HostingCluster-161,3,1,SotaVPN; Sentinel dVPN; FlowVPN,United Kingdom,lt-50,0.29,limited-signal-hosting
HostingCluster-162,3,1,Astrill; FlowVPN; GhostPath,United States,lt-50,0.29,limited-signal-hosting
HostingCluster-163,3,2,Astrill; GhostPath; NetShade,United States; United Kingdom,lt-50,0.32,niche-vpn-hosting
HostingCluster-164,3,1,Windscribe; Astrill; ProtonVPN,Bosnia and Herzegovina,lt-50,0.29,limited-signal-hosting
HostingCluster-165,3,1,NordVPN; Sentinel dVPN; Astrill,United States,lt-50,0.29,limited-signal-hosting
HostingCluster-166,3,1,WiTopia; GhostPath; FastestVPN,Portugal,lt-50,0.29,limited-signal-hosting
HostingCluster-167,3,2,WorldVPN; Trust.Zone; FlowVPN,Latvia; United States,lt-50,0.32,niche-vpn-hosting
HostingCluster-168,3,1,Astrill; VPN Unlimited; VPN.ac,Germany,lt-50,0.29,limited-signal-hosting
HostingCluster-169,3,2,Astrill; Hotspotshield; GhostPath,Taiwan; Türkiye,lt-50,0.32,niche-vpn-hosting
HostingCluster-170,3,2,Cryptostorm; Sentinel dVPN; CactusVPN,Moldova; Switzerland,lt-50,0.32,niche-vpn-hosting
HostingCluster-171,3,1,Astrill; AnonymousVPN; Hotspotshield,Ukraine,lt-50,0.29,limited-signal-hosting
HostingCluster-172,3,1,VPN Unlimited; GhostPath; SmartVPN,Slovenia,lt-50,0.29,limited-signal-hosting
HostingCluster-173,3,1,Windscribe; ExpressVPN; Zoogvpn,Georgia,lt-50,0.29,limited-signal-hosting
HostingCluster-174,3,1,Astrill; Safervpn; VPN Unlimited,United States,lt-50,0.29,limited-signal-hosting
HostingCluster-175,3,2,Astrill; OysterVPN; VPNUK,Ireland; European Union,lt-50,0.32,niche-vpn-hosting
HostingCluster-176,3,1,Trust.Zone; VPN Unlimited; VPN Jantit,Bulgaria,lt-50,0.29,limited-signal-hosting
HostingCluster-177,3,1,VPNSecure; FlowVPN; GhostPath,Ukraine,lt-50,0.29,limited-signal-hosting
HostingCluster-178,3,1,AzireVPN; PrivateVPN; RedShield VPN,Thailand,lt-50,0.29,limited-signal-hosting
HostingCluster-179,3,1,HideIPVPN; Getflix; Smartdnsproxy,United States,lt-50,0.29,limited-signal-hosting
HostingCluster-180,3,1,VPNSecure; ProtonVPN; Integrityvpn,Sweden,lt-50,0.29,limited-signal-hosting
HostingCluster-181,3,1,PrivateVPN; Safervpn; FlowVPN,Cyprus,lt-50,0.29,limited-signal-hosting
HostingCluster-182,3,1,OysterVPN; VPNUK; FastestVPN,Türkiye,lt-50,0.29,limited-signal-hosting
HostingCluster-183,2,1,IPVanish; WLVPN,United States,100-499,0.24,limited-signal-hosting
HostingCluster-184,2,2,ExpressVPN; Private Internet Access,Cyprus; Italy,100-499,0.27,limited-signal-hosting
HostingCluster-185,2,1,Giganews; VyprVPN,United States,100-499,0.24,limited-signal-hosting
HostingCluster-186,2,1,Astrill; FlowVPN,United States,50-99,0.24,limited-signal-hosting
HostingCluster-187,2,1,Mullvad; AzireVPN,Vanuatu,lt-50,0.24,limited-signal-hosting
HostingCluster-188,2,1,AirVPN; TunnelBear,New Zealand,lt-50,0.24,limited-signal-hosting
HostingCluster-189,2,1,VyprVPN; Giganews,United States,lt-50,0.24,limited-signal-hosting
HostingCluster-190,2,1,Sentinel dVPN; VPN Jantit,United Kingdom,lt-50,0.24,limited-signal-hosting
HostingCluster-191,2,1,WiTopia; Astrill,United States,lt-50,0.24,limited-signal-hosting
HostingCluster-192,2,1,NordVPN; FastestVPN,United Kingdom,lt-50,0.24,limited-signal-hosting
HostingCluster-193,2,2,Sentinel dVPN; WorldVPN,Hong Kong; Netherlands,lt-50,0.27,limited-signal-hosting
HostingCluster-194,2,1,VPN Unlimited; Hotspotshield,United States,lt-50,0.24,limited-signal-hosting
HostingCluster-195,2,1,WiTopia; Astrill,United States,lt-50,0.24,limited-signal-hosting
HostingCluster-196,2,1,Astrill; WiTopia,United States,lt-50,0.24,limited-signal-hosting
HostingCluster-197,2,1,WiTopia; Astrill,Türkiye,lt-50,0.24,limited-signal-hosting
HostingCluster-198,2,1,Perimeter81; FlowVPN,United States,lt-50,0.24,limited-signal-hosting
HostingCluster-199,2,1,Windscribe; FlowVPN,Canada,lt-50,0.24,limited-signal-hosting
HostingCluster-200,2,1,Vpnht; Sentinel dVPN,Germany,lt-50,0.24,limited-signal-hosting
HostingCluster-201,2,2,VPN Jantit; FreeVPN,Russia; Germany,lt-50,0.27,limited-signal-hosting
HostingCluster-202,2,1,Astrill; FlowVPN,United States,lt-50,0.24,limited-signal-hosting
HostingCluster-203,2,1,Sentinel dVPN; KevinVPN,United States,lt-50,0.24,limited-signal-hosting
HostingCluster-204,2,1,Astrill; FlowVPN,United States,lt-50,0.24,limited-signal-hosting
HostingCluster-205,2,1,Sentinel dVPN; KevinVPN,United States,lt-50,0.24,limited-signal-hosting
HostingCluster-206,2,1,Astrill; WiTopia,India,lt-50,0.24,limited-signal-hosting
HostingCluster-207,2,1,Astrill; Vpnht,Netherlands,lt-50,0.24,limited-signal-hosting
HostingCluster-208,2,1,Sentinel dVPN; KevinVPN,Singapore,lt-50,0.24,limited-signal-hosting
HostingCluster-209,2,1,WiTopia; VPN.ac,United States,lt-50,0.24,limited-signal-hosting
HostingCluster-210,2,1,Astrill; WiTopia,United States,lt-50,0.24,limited-signal-hosting
HostingCluster-211,2,1,Astrill; Sentinel dVPN,United States,lt-50,0.24,limited-signal-hosting
HostingCluster-212,2,1,Sentinel dVPN; Astrill,Germany,lt-50,0.24,limited-signal-hosting
HostingCluster-213,2,1,Windscribe; VPN Jantit,Thailand,lt-50,0.24,limited-signal-hosting
HostingCluster-214,2,1,Sentinel dVPN; Astrill,United States,lt-50,0.24,limited-signal-hosting
HostingCluster-215,2,1,Mullvad; AzireVPN,Vanuatu,lt-50,0.24,limited-signal-hosting
HostingCluster-216,2,1,Sentinel dVPN; MoriVPN,United States,lt-50,0.24,limited-signal-hosting
HostingCluster-217,2,1,FlowVPN; Safervpn,Hungary,lt-50,0.24,limited-signal-hosting
HostingCluster-218,2,1,Mullvad; Astrill,Hong Kong,lt-50,0.24,limited-signal-hosting
HostingCluster-219,2,1,VPN Jantit; FlowVPN,Philippines,lt-50,0.24,limited-signal-hosting
HostingCluster-220,2,1,Kompot VPN; KeyDrop,Russia,lt-50,0.24,limited-signal-hosting
HostingCluster-221,2,1,Sentinel dVPN; KevinVPN,France,lt-50,0.24,limited-signal-hosting
HostingCluster-222,2,1,Windscribe; PrivateVPN,Cyprus,lt-50,0.24,limited-signal-hosting
HostingCluster-223,2,1,VPNObratno; VPN Gate,Russia,lt-50,0.24,limited-signal-hosting
HostingCluster-224,2,1,Sentinel dVPN; VPN Jantit,United States,lt-50,0.24,limited-signal-hosting
HostingCluster-225,2,1,VPN Unlimited; Astrill,Slovenia,lt-50,0.24,limited-signal-hosting
HostingCluster-226,2,1,Astrill; Windscribe,Russia,lt-50,0.24,limited-signal-hosting
HostingCluster-227,2,1,VPN.ac; HideIPVPN,Seychelles,lt-50,0.24,limited-signal-hosting
HostingCluster-228,2,1,WiTopia; Zoogvpn,Thailand,lt-50,0.24,limited-signal-hosting
HostingCluster-229,2,1,Astrill; FlowVPN,Argentina,lt-50,0.24,limited-signal-hosting
HostingCluster-230,2,1,FlowVPN; Sentinel dVPN,Argentina,lt-50,0.24,limited-signal-hosting
HostingCluster-231,2,1,Sentinel dVPN; Astrill,United States,lt-50,0.24,limited-signal-hosting
HostingCluster-232,2,1,FlowVPN; GhostPath,Czechia,lt-50,0.24,limited-signal-hosting
HostingCluster-233,2,5,PrivateVPN; AzireVPN,United States; Argentina; Mexico; Panama; Chile,lt-50,0.31,niche-vpn-hosting
HostingCluster-234,2,1,Sentinel dVPN; KevinVPN,Germany,lt-50,0.24,limited-signal-hosting
HostingCluster-235,2,1,Trust.Zone; Sentinel dVPN,Germany,lt-50,0.24,limited-signal-hosting
HostingCluster-236,2,1,Astrill; Sentinel dVPN,New Zealand,lt-50,0.24,limited-signal-hosting
HostingCluster-237,2,1,VPN Gate; FlowVPN,Japan,lt-50,0.24,limited-signal-hosting
HostingCluster-238,2,1,WiTopia; VPN Gate,Vietnam,lt-50,0.24,limited-signal-hosting
HostingCluster-239,2,1,Windscribe; AzireVPN,United States,lt-50,0.24,limited-signal-hosting
HostingCluster-240,2,1,FlowVPN; Zoogvpn,United States,lt-50,0.24,limited-signal-hosting
HostingCluster-241,2,1,Sentinel dVPN; KevinVPN,Netherlands,lt-50,0.24,limited-signal-hosting
HostingCluster-242,2,1,Kompot VPN; VPN Jantit,Russia,lt-50,0.24,limited-signal-hosting
HostingCluster-243,2,1,Sentinel dVPN; FlowVPN,Moldova,lt-50,0.24,limited-signal-hosting
HostingCluster-244,2,1,Sentinel dVPN; VPN Jantit,Kazakhstan,lt-50,0.24,limited-signal-hosting
HostingCluster-245,2,1,TorGuard; Sentinel dVPN,Thailand,lt-50,0.24,limited-signal-hosting
HostingCluster-246,2,1,VPN.ac; Sentinel dVPN,United States,lt-50,0.24,limited-signal-hosting
HostingCluster-247,2,1,Private Internet Access; CyberGhost,United States,lt-50,0.24,limited-signal-hosting
HostingCluster-248,2,1,VPN Jantit; Sentinel dVPN,Indonesia,lt-50,0.24,limited-signal-hosting
HostingCluster-249,2,1,Sentinel dVPN; KevinVPN,Canada,lt-50,0.24,limited-signal-hosting
HostingCluster-250,2,1,Astrill; SwitchVPN,United States,lt-50,0.24,limited-signal-hosting
HostingCluster-251,2,1,Trust.Zone; VPN Jantit,United Kingdom,lt-50,0.24,limited-signal-hosting
HostingCluster-252,2,1,Astrill; Trust.Zone,Israel,lt-50,0.24,limited-signal-hosting
HostingCluster-253,2,1,Astrill; FlowVPN,United Kingdom,lt-50,0.24,limited-signal-hosting
HostingCluster-254,2,1,TorGuard; GhostPath,Chile,lt-50,0.24,limited-signal-hosting
HostingCluster-255,2,1,Astrill; PrivateVPN,Slovakia,lt-50,0.24,limited-signal-hosting
HostingCluster-256,2,1,Smartdnsproxy; Getflix,Netherlands,lt-50,0.24,limited-signal-hosting
HostingCluster-257,2,1,KevinVPN; Sentinel dVPN,Sweden,lt-50,0.24,limited-signal-hosting
HostingCluster-258,2,1,Surfshark; CCrypto VPN,Latvia,lt-50,0.24,limited-signal-hosting
HostingCluster-259,2,1,AnonymousVPN; WorldVPN,Canada,lt-50,0.24,limited-signal-hosting
HostingCluster-260,2,1,Astrill; Sentinel dVPN,Sweden,lt-50,0.24,limited-signal-hosting
HostingCluster-261,2,1,Sentinel dVPN; VPN Jantit,South Africa,lt-50,0.24,limited-signal-hosting
HostingCluster-262,2,1,VPNSecure; FlowVPN,United States,lt-50,0.24,limited-signal-hosting
HostingCluster-263,2,1,MoriVPN; Sentinel dVPN,United States,lt-50,0.24,limited-signal-hosting
HostingCluster-264,2,1,GhostPath; SlickVPN,United States,lt-50,0.24,limited-signal-hosting
HostingCluster-265,2,1,Smartdnsproxy; Getflix,United States,lt-50,0.24,limited-signal-hosting
HostingCluster-266,2,1,FreeVPN; Zoogvpn,Indonesia,lt-50,0.24,limited-signal-hosting
HostingCluster-267,2,1,CactusVPN; HideIPVPN,Russia,lt-50,0.24,limited-signal-hosting
HostingCluster-268,2,1,FlowVPN; VPNSecure,United States,lt-50,0.24,limited-signal-hosting
HostingCluster-269,2,2,WorldVPN; VPN Jantit,Netherlands; United States,lt-50,0.27,limited-signal-hosting
HostingCluster-270,2,1,Sentinel dVPN; FlowVPN,Italy,lt-50,0.24,limited-signal-hosting
HostingCluster-271,2,1,VPN Jantit; Sentinel dVPN,United Kingdom,lt-50,0.24,limited-signal-hosting
HostingCluster-272,2,1,Sentinel dVPN; AnonymousVPN,Czechia,lt-50,0.24,limited-signal-hosting
HostingCluster-273,2,1,VPN Unlimited; GhostPath,Greece,lt-50,0.24,limited-signal-hosting
HostingCluster-274,2,1,FlowVPN; Sentinel dVPN,Austria,lt-50,0.24,limited-signal-hosting
HostingCluster-275,2,2,VPN Jantit; CactusVPN,United States; India,lt-50,0.27,limited-signal-hosting
HostingCluster-276,2,1,Sentinel dVPN; KeyDrop,Germany,lt-50,0.24,limited-signal-hosting
HostingCluster-277,2,1,KevinVPN; Sentinel dVPN,Netherlands,lt-50,0.24,limited-signal-hosting
HostingCluster-278,2,1,WorldVPN; VPN Jantit,United States,lt-50,0.24,limited-signal-hosting
HostingCluster-279,2,1,KevinVPN; FreeVPN,Germany,lt-50,0.24,limited-signal-hosting
HostingCluster-280,2,1,PureVPN; Ivacy,Finland,lt-50,0.24,limited-signal-hosting
HostingCluster-281,2,1,ProtonVPN; AzireVPN,Indonesia,lt-50,0.24,limited-signal-hosting
HostingCluster-282,2,1,CCrypto VPN; Sentinel dVPN,Estonia,lt-50,0.24,limited-signal-hosting
HostingCluster-283,2,1,VPN Jantit; FlowVPN,Singapore,lt-50,0.24,limited-signal-hosting
HostingCluster-284,2,1,CactusVPN; LimeVPN,United States,lt-50,0.24,limited-signal-hosting
HostingCluster-285,2,1,Goosevpn; Sentinel dVPN,United States,lt-50,0.24,limited-signal-hosting
HostingCluster-286,2,1,Zoogvpn; Sentinel dVPN,Hong Kong,lt-50,0.24,limited-signal-hosting
HostingCluster-287,2,1,Sentinel dVPN; KevinVPN,Netherlands,lt-50,0.24,limited-signal-hosting
HostingCluster-288,2,1,Sentinel dVPN; KevinVPN,Türkiye,lt-50,0.24,limited-signal-hosting
HostingCluster-289,2,1,VPN Jantit; Zoogvpn,United Kingdom,lt-50,0.24,limited-signal-hosting
HostingCluster-290,2,1,AnonymousVPN; VPN Jantit,South Africa,lt-50,0.24,limited-signal-hosting
HostingCluster-291,2,1,FlowVPN; GhostPath,Panama,lt-50,0.24,limited-signal-hosting
HostingCluster-292,2,1,Safervpn; CactusVPN,Portugal,lt-50,0.24,limited-signal-hosting
HostingCluster-293,2,1,FlowVPN; AnonymousVPN,Lithuania,lt-50,0.24,limited-signal-hosting
HostingCluster-294,2,2,FreeVPN; AnonymousVPN,Sweden; Latvia,lt-50,0.27,limited-signal-hosting
HostingCluster-295,2,1,VPNSecure; Sentinel dVPN,United Kingdom,lt-50,0.24,limited-signal-hosting
HostingCluster-296,2,1,uVPN; GhostPath,United Kingdom,lt-50,0.24,limited-signal-hosting
HostingCluster-297,2,1,Proxpn; PrivateVPN,Costa Rica,lt-50,0.24,limited-signal-hosting
HostingCluster-298,2,1,PrivateVPN; ProtonVPN,Taiwan,lt-50,0.24,limited-signal-hosting
HostingCluster-299,2,1,FlowVPN; Sentinel dVPN,Malaysia,lt-50,0.24,limited-signal-hosting
HostingCluster-300,2,1,GhostPath; SlickVPN,United States,lt-50,0.24,limited-signal-hosting
HostingCluster-301,2,1,SlickVPN; GhostPath,United States,lt-50,0.24,limited-signal-hosting
HostingCluster-302,2,1,CyberGhost; Private Internet Access,United States,lt-50,0.24,limited-signal-hosting
HostingCluster-303,2,1,NetShade; VPN.ac,United Kingdom,lt-50,0.24,limited-signal-hosting
HostingCluster-304,2,1,Vpnfacile; Astrill,United States,lt-50,0.24,limited-signal-hosting
HostingCluster-305,2,1,GhostPath; FlowVPN,Germany,lt-50,0.24,limited-signal-hosting
HostingCluster-306,2,1,Sentinel dVPN; Astrill,Hong Kong,lt-50,0.24,limited-signal-hosting
HostingCluster-307,2,1,LimeVPN; CactusVPN,United States,lt-50,0.24,limited-signal-hosting
HostingCluster-308,2,1,LimeVPN; CactusVPN,United States,lt-50,0.24,limited-signal-hosting
HostingCluster-309,2,1,PrivateVPN; HideIPVPN,Lithuania,lt-50,0.24,limited-signal-hosting
HostingCluster-310,2,1,Getflix; Smartdnsproxy,Greece,lt-50,0.24,limited-signal-hosting
HostingCluster-311,1,2,NordVPN,Panama; Australia,1k-4.9k,0.19,limited-signal-hosting
HostingCluster-312,1,1,NordVPN,Panama,100-499,0.17,limited-signal-hosting
HostingCluster-313,1,1,Njalla,Romania,100-499,0.17,limited-signal-hosting
HostingCluster-314,1,1,Mullvad,Sweden,100-499,0.17,limited-signal-hosting
HostingCluster-315,1,58,Surfshark,United States; India; Pakistan; Albania; Ghana,100-499,0.39,niche-vpn-hosting
HostingCluster-316,1,1,Privado,Netherlands,50-99,0.17,limited-signal-hosting
HostingCluster-317,1,1,AirVPN,United States,50-99,0.17,limited-signal-hosting
HostingCluster-318,1,1,AirVPN,Sweden,50-99,0.17,limited-signal-hosting
HostingCluster-319,1,1,Sentinel dVPN,United Kingdom,50-99,0.17,limited-signal-hosting
HostingCluster-320,1,1,WiTopia,United States,lt-50,0.17,limited-signal-hosting
HostingCluster-321,1,1,Privado,Netherlands,lt-50,0.17,limited-signal-hosting
HostingCluster-322,1,9,PrivateVPN,Sweden; Italy; United States; Germany; Netherlands,lt-50,0.27,limited-signal-hosting
HostingCluster-323,1,1,Opera VPN,Sweden,lt-50,0.17,limited-signal-hosting
HostingCluster-324,1,1,Astrill,United States,lt-50,0.17,limited-signal-hosting
HostingCluster-325,1,1,Privado,Netherlands,lt-50,0.17,limited-signal-hosting
HostingCluster-326,1,1,CyberGhost,Romania,lt-50,0.17,limited-signal-hosting
HostingCluster-327,1,1,Psiphon,Canada,lt-50,0.17,limited-signal-hosting
HostingCluster-328,1,1,ProtonVPN,Switzerland,lt-50,0.17,limited-signal-hosting
HostingCluster-329,1,1,Windscribe,Argentina,lt-50,0.17,limited-signal-hosting
HostingCluster-330,1,1,ProtonVPN,Switzerland,lt-50,0.17,limited-signal-hosting
HostingCluster-331,1,1,SSHMax,Czechia,lt-50,0.17,limited-signal-hosting
HostingCluster-332,1,1,WiTopia,United States,lt-50,0.17,limited-signal-hosting
HostingCluster-333,1,1,VPNUK,United Kingdom,lt-50,0.17,limited-signal-hosting
HostingCluster-334,1,1,NordVPN,Sweden,lt-50,0.17,limited-signal-hosting
HostingCluster-335,1,1,TunnelBear,United States,lt-50,0.17,limited-signal-hosting
HostingCluster-336,1,1,VPN Gate,United States,lt-50,0.17,limited-signal-hosting
HostingCluster-337,1,1,Windscribe,Indonesia,lt-50,0.17,limited-signal-hosting
HostingCluster-338,1,1,Sentinel dVPN,Türkiye,lt-50,0.17,limited-signal-hosting
HostingCluster-339,1,1,Sentinel dVPN,Türkiye,lt-50,0.17,limited-signal-hosting
HostingCluster-340,1,1,Sentinel dVPN,United States,lt-50,0.17,limited-signal-hosting
HostingCluster-341,1,1,Sentinel dVPN,Türkiye,lt-50,0.17,limited-signal-hosting
HostingCluster-342,1,1,CyberGhost,Romania,lt-50,0.17,limited-signal-hosting
HostingCluster-343,1,1,Astrill,United Kingdom,lt-50,0.17,limited-signal-hosting
HostingCluster-344,1,1,Astrill,United States,lt-50,0.17,limited-signal-hosting
HostingCluster-345,1,1,Sentinel dVPN,United Kingdom,lt-50,0.17,limited-signal-hosting
HostingCluster-346,1,1,Sentinel dVPN,United States,lt-50,0.17,limited-signal-hosting
HostingCluster-347,1,1,CyberGhost,Kenya,lt-50,0.17,limited-signal-hosting
HostingCluster-348,1,1,VPN Gate,Japan,lt-50,0.17,limited-signal-hosting
HostingCluster-349,1,1,Vpnht,Germany,lt-50,0.17,limited-signal-hosting
HostingCluster-350,1,1,Psiphon,Canada,lt-50,0.17,limited-signal-hosting
HostingCluster-351,1,1,Sentinel dVPN,United States,lt-50,0.17,limited-signal-hosting
HostingCluster-352,1,1,Windscribe,Antarctica,lt-50,0.17,limited-signal-hosting
HostingCluster-353,1,1,FlowVPN,Singapore,lt-50,0.17,limited-signal-hosting
HostingCluster-354,1,1,Sentinel dVPN,United Kingdom,lt-50,0.17,limited-signal-hosting
HostingCluster-355,1,1,Windscribe,South Africa,lt-50,0.17,limited-signal-hosting
HostingCluster-356,1,1,Windscribe,United States,lt-50,0.17,limited-signal-hosting
HostingCluster-357,1,1,RedShield VPN,United States,lt-50,0.17,limited-signal-hosting
HostingCluster-358,1,1,Sentinel dVPN,United Kingdom,lt-50,0.17,limited-signal-hosting
HostingCluster-359,1,1,Astrill,United States,lt-50,0.17,limited-signal-hosting
HostingCluster-360,1,1,Sentinel dVPN,United States,lt-50,0.17,limited-signal-hosting
HostingCluster-361,1,1,Sentinel dVPN,United States,lt-50,0.17,limited-signal-hosting
HostingCluster-362,1,1,Sentinel dVPN,Germany,lt-50,0.17,limited-signal-hosting
HostingCluster-363,1,1,Sentinel dVPN,Romania,lt-50,0.17,limited-signal-hosting
HostingCluster-364,1,1,Astrill,United States,lt-50,0.17,limited-signal-hosting
HostingCluster-365,1,1,NordVPN,United States,lt-50,0.17,limited-signal-hosting
HostingCluster-366,1,1,NordVPN,United Kingdom,lt-50,0.17,limited-signal-hosting
HostingCluster-367,1,1,PrivateVPN,Sweden,lt-50,0.17,limited-signal-hosting
HostingCluster-368,1,1,Sentinel dVPN,Estonia,lt-50,0.17,limited-signal-hosting
HostingCluster-369,1,1,Sentinel dVPN,Singapore,lt-50,0.17,limited-signal-hosting
HostingCluster-370,1,1,VPN Gate,Japan,lt-50,0.17,limited-signal-hosting
HostingCluster-371,1,1,Astrill,United States,lt-50,0.17,limited-signal-hosting
HostingCluster-372,1,1,Sentinel dVPN,Germany,lt-50,0.17,limited-signal-hosting
HostingCluster-373,1,1,Vpnht,France,lt-50,0.17,limited-signal-hosting
HostingCluster-374,1,1,ProtonVPN,Netherlands,lt-50,0.17,limited-signal-hosting
HostingCluster-375,1,1,Astrill,United States,lt-50,0.17,limited-signal-hosting
HostingCluster-376,1,1,Sentinel dVPN,Singapore,lt-50,0.17,limited-signal-hosting
HostingCluster-377,1,1,Windscribe,Canada,lt-50,0.17,limited-signal-hosting
HostingCluster-378,1,1,Windscribe,Lithuania,lt-50,0.17,limited-signal-hosting
HostingCluster-379,1,1,Windscribe,Cyprus,lt-50,0.17,limited-signal-hosting
HostingCluster-380,1,1,Mullvad,United States,lt-50,0.17,limited-signal-hosting
HostingCluster-381,1,1,Sentinel dVPN,United States,lt-50,0.17,limited-signal-hosting
HostingCluster-382,1,1,Windscribe,United States,lt-50,0.17,limited-signal-hosting
HostingCluster-383,1,1,Sentinel dVPN,Egypt,lt-50,0.17,limited-signal-hosting
HostingCluster-384,1,1,Windscribe,United States,lt-50,0.17,limited-signal-hosting
HostingCluster-385,1,1,Sentinel dVPN,Singapore,lt-50,0.17,limited-signal-hosting
HostingCluster-386,1,1,FlowVPN,Switzerland,lt-50,0.17,limited-signal-hosting
HostingCluster-387,1,1,VPN Jantit,Singapore,lt-50,0.17,limited-signal-hosting
HostingCluster-388,1,1,Sentinel dVPN,Poland,lt-50,0.17,limited-signal-hosting
HostingCluster-389,1,1,Astrill,Hungary,lt-50,0.17,limited-signal-hosting
HostingCluster-390,1,1,Sentinel dVPN,United Kingdom,lt-50,0.17,limited-signal-hosting
HostingCluster-391,1,1,Sentinel dVPN,Peru,lt-50,0.17,limited-signal-hosting
HostingCluster-392,1,1,Kompot VPN,Kazakhstan,lt-50,0.17,limited-signal-hosting
HostingCluster-393,1,1,Sentinel dVPN,Estonia,lt-50,0.17,limited-signal-hosting
HostingCluster-394,1,1,Freedomip,France,lt-50,0.17,limited-signal-hosting
HostingCluster-395,1,1,Vpnht,Austria,lt-50,0.17,limited-signal-hosting
HostingCluster-396,1,1,Kompot VPN,Poland,lt-50,0.17,limited-signal-hosting
HostingCluster-397,1,1,Sentinel dVPN,Canada,lt-50,0.17,limited-signal-hosting
HostingCluster-398,1,1,WiTopia,United States,lt-50,0.17,limited-signal-hosting
HostingCluster-399,1,1,SwitchVPN,United Kingdom,lt-50,0.17,limited-signal-hosting
HostingCluster-400,1,1,WorldVPN,Netherlands,lt-50,0.17,limited-signal-hosting
HostingCluster-401,1,1,Sentinel dVPN,Romania,lt-50,0.17,limited-signal-hosting
HostingCluster-402,1,1,KevinVPN,United States,lt-50,0.17,limited-signal-hosting
HostingCluster-403,1,1,ProtonVPN,Netherlands,lt-50,0.17,limited-signal-hosting
HostingCluster-404,1,1,WiTopia,United States,lt-50,0.17,limited-signal-hosting
HostingCluster-405,1,1,WiTopia,United States,lt-50,0.17,limited-signal-hosting
HostingCluster-406,1,1,Sentinel dVPN,Türkiye,lt-50,0.17,limited-signal-hosting
HostingCluster-407,1,1,Mullvad,United States,lt-50,0.17,limited-signal-hosting
HostingCluster-408,1,1,Sentinel dVPN,Singapore,lt-50,0.17,limited-signal-hosting
HostingCluster-409,1,1,KevinVPN,United States,lt-50,0.17,limited-signal-hosting
HostingCluster-410,1,1,Sentinel dVPN,United Kingdom,lt-50,0.17,limited-signal-hosting
HostingCluster-411,1,1,VPN Gate,Japan,lt-50,0.17,limited-signal-hosting
HostingCluster-412,1,1,Astrill,United States,lt-50,0.17,limited-signal-hosting
HostingCluster-413,1,1,Sentinel dVPN,Georgia,lt-50,0.17,limited-signal-hosting
HostingCluster-414,1,1,NordVPN,Germany,lt-50,0.17,limited-signal-hosting
HostingCluster-415,1,1,Mullvad,United States,lt-50,0.17,limited-signal-hosting
HostingCluster-416,1,1,Sentinel dVPN,Georgia,lt-50,0.17,limited-signal-hosting
HostingCluster-417,1,1,Psiphon,United States,lt-50,0.17,limited-signal-hosting
HostingCluster-418,1,1,Astrill,United States,lt-50,0.17,limited-signal-hosting
HostingCluster-419,1,1,Sentinel dVPN,India,lt-50,0.17,limited-signal-hosting
HostingCluster-420,1,1,NordVPN,United States,lt-50,0.17,limited-signal-hosting
HostingCluster-421,1,1,Private Internet Access,Australia,lt-50,0.17,limited-signal-hosting
HostingCluster-422,1,1,KevinVPN,Austria,lt-50,0.17,limited-signal-hosting
HostingCluster-423,1,1,PrivateVPN,Poland,lt-50,0.17,limited-signal-hosting
HostingCluster-424,1,1,Astrill,Germany,lt-50,0.17,limited-signal-hosting
HostingCluster-425,1,1,Sentinel dVPN,Russia,lt-50,0.17,limited-signal-hosting
HostingCluster-426,1,1,Sentinel dVPN,Uruguay,lt-50,0.17,limited-signal-hosting
HostingCluster-427,1,1,Astrill,Hong Kong,lt-50,0.17,limited-signal-hosting
HostingCluster-428,1,1,Astrill,United States,lt-50,0.17,limited-signal-hosting
HostingCluster-429,1,1,Mullvad,United States,lt-50,0.17,limited-signal-hosting
HostingCluster-430,1,1,Mullvad,United States,lt-50,0.17,limited-signal-hosting
HostingCluster-431,1,1,Mullvad,United States,lt-50,0.17,limited-signal-hosting
HostingCluster-432,1,1,Mullvad,United States,lt-50,0.17,limited-signal-hosting
HostingCluster-433,1,1,WiTopia,Russia,lt-50,0.17,limited-signal-hosting
HostingCluster-434,1,1,NordVPN,Canada,lt-50,0.17,limited-signal-hosting
HostingCluster-435,1,1,FlowVPN,United Kingdom,lt-50,0.17,limited-signal-hosting
HostingCluster-436,1,1,FlowVPN,United States,lt-50,0.17,limited-signal-hosting
HostingCluster-437,1,1,Astrill,United States,lt-50,0.17,limited-signal-hosting
HostingCluster-438,1,1,FlowVPN,Russia,lt-50,0.17,limited-signal-hosting
HostingCluster-439,1,1,Windscribe,South Korea,lt-50,0.17,limited-signal-hosting
HostingCluster-440,1,1,Astrill,United States,lt-50,0.17,limited-signal-hosting
HostingCluster-441,1,1,Astrill,Vietnam,lt-50,0.17,limited-signal-hosting
HostingCluster-442,1,1,Astrill,Pakistan,lt-50,0.17,limited-signal-hosting
HostingCluster-443,1,1,Sentinel dVPN,India,lt-50,0.17,limited-signal-hosting
HostingCluster-444,1,1,Windscribe,Thailand,lt-50,0.17,limited-signal-hosting
HostingCluster-445,1,2,Sentinel dVPN,UNKNOWN; United Arab Emirates,lt-50,0.19,limited-signal-hosting
HostingCluster-446,1,1,Windscribe,United States,lt-50,0.17,limited-signal-hosting
HostingCluster-447,1,1,VPN Gate,Japan,lt-50,0.17,limited-signal-hosting
HostingCluster-448,1,1,VPN Gate,Japan,lt-50,0.17,limited-signal-hosting
HostingCluster-449,1,1,VPN Gate,Japan,lt-50,0.17,limited-signal-hosting
HostingCluster-450,1,1,KeyDrop,United Arab Emirates,lt-50,0.17,limited-signal-hosting
HostingCluster-451,1,1,Sentinel dVPN,Singapore,lt-50,0.17,limited-signal-hosting
HostingCluster-452,1,1,Windscribe,Vietnam,lt-50,0.17,limited-signal-hosting
HostingCluster-453,1,1,Sentinel dVPN,United States,lt-50,0.17,limited-signal-hosting
HostingCluster-454,1,1,Astrill,France,lt-50,0.17,limited-signal-hosting
HostingCluster-455,1,1,Sentinel dVPN,Norway,lt-50,0.17,limited-signal-hosting
HostingCluster-456,1,1,FlowVPN,Georgia,lt-50,0.17,limited-signal-hosting
HostingCluster-457,1,1,Sentinel dVPN,United Arab Emirates,lt-50,0.17,limited-signal-hosting
HostingCluster-458,1,1,Astrill,Finland,lt-50,0.17,limited-signal-hosting
HostingCluster-459,1,1,GhostPath,United States,lt-50,0.17,limited-signal-hosting
HostingCluster-460,1,1,Sentinel dVPN,Romania,lt-50,0.17,limited-signal-hosting
HostingCluster-461,1,1,Astrill,Bulgaria,lt-50,0.17,limited-signal-hosting
HostingCluster-462,1,1,Goosevpn,Netherlands,lt-50,0.17,limited-signal-hosting
HostingCluster-463,1,1,Vpnht,Albania,lt-50,0.17,limited-signal-hosting
HostingCluster-464,1,1,Sentinel dVPN,Cyprus,lt-50,0.17,limited-signal-hosting
HostingCluster-465,1,3,CactusVPN,Italy; Spain; Netherlands,lt-50,0.21,limited-signal-hosting
HostingCluster-466,1,1,Sentinel dVPN,Saudi Arabia,lt-50,0.17,limited-signal-hosting
HostingCluster-467,1,1,Riseup VPN,United States,lt-50,0.17,limited-signal-hosting
HostingCluster-468,1,1,Sentinel dVPN,United States,lt-50,0.17,limited-signal-hosting
HostingCluster-469,1,1,KeyDrop,Russia,lt-50,0.17,limited-signal-hosting
HostingCluster-470,1,1,VPNUK,United Kingdom,lt-50,0.17,limited-signal-hosting
HostingCluster-471,1,1,Astrill,United States,lt-50,0.17,limited-signal-hosting
HostingCluster-472,1,1,WiTopia,United States,lt-50,0.17,limited-signal-hosting
HostingCluster-473,1,1,WiTopia,Dominican Republic,lt-50,0.17,limited-signal-hosting
HostingCluster-474,1,1,Astrill,Bulgaria,lt-50,0.17,limited-signal-hosting
HostingCluster-475,1,1,Sentinel dVPN,Germany,lt-50,0.17,limited-signal-hosting
HostingCluster-476,1,1,Astrill,United States,lt-50,0.17,limited-signal-hosting
HostingCluster-477,1,1,Windscribe,Thailand,lt-50,0.17,limited-signal-hosting
HostingCluster-478,1,1,Sentinel dVPN,Türkiye,lt-50,0.17,limited-signal-hosting
HostingCluster-479,1,1,Astrill,Greece,lt-50,0.17,limited-signal-hosting
HostingCluster-480,1,1,Astrill,Singapore,lt-50,0.17,limited-signal-hosting
HostingCluster-481,1,1,WorldVPN,Russia,lt-50,0.17,limited-signal-hosting
HostingCluster-482,1,1,VPNUK,Switzerland,lt-50,0.17,limited-signal-hosting
HostingCluster-483,1,1,Sentinel dVPN,France,lt-50,0.17,limited-signal-hosting
HostingCluster-484,1,1,Sentinel dVPN,Germany,lt-50,0.17,limited-signal-hosting
HostingCluster-485,1,1,Sentinel dVPN,United Kingdom,lt-50,0.17,limited-signal-hosting
HostingCluster-486,1,1,FlowVPN,Moldova,lt-50,0.17,limited-signal-hosting
HostingCluster-487,1,1,VPN Jantit,Vietnam,lt-50,0.17,limited-signal-hosting
HostingCluster-488,1,1,Surfshark,Thailand,lt-50,0.17,limited-signal-hosting
HostingCluster-489,1,1,Sentinel dVPN,Vietnam,lt-50,0.17,limited-signal-hosting
HostingCluster-490,1,1,VPN Jantit,Indonesia,lt-50,0.17,limited-signal-hosting
HostingCluster-491,1,1,Sentinel dVPN,Bulgaria,lt-50,0.17,limited-signal-hosting
HostingCluster-492,1,1,VPN Gate,Japan,lt-50,0.17,limited-signal-hosting
HostingCluster-493,1,1,VPN Jantit,Philippines,lt-50,0.17,limited-signal-hosting
HostingCluster-494,1,1,Octanevpn,United States,lt-50,0.17,limited-signal-hosting
HostingCluster-495,1,1,VPN Jantit,United Kingdom,lt-50,0.17,limited-signal-hosting
HostingCluster-496,1,1,Sentinel dVPN,Canada,lt-50,0.17,limited-signal-hosting
HostingCluster-497,1,1,Sentinel dVPN,Chile,lt-50,0.17,limited-signal-hosting
HostingCluster-498,1,1,Sentinel dVPN,United States,lt-50,0.17,limited-signal-hosting
HostingCluster-499,1,1,Sentinel dVPN,Hong Kong,lt-50,0.17,limited-signal-hosting
HostingCluster-500,1,1,VPNSecure,Romania,lt-50,0.17,limited-signal-hosting
HostingCluster-501,1,1,KevinVPN,United States,lt-50,0.17,limited-signal-hosting
HostingCluster-502,1,1,Sentinel dVPN,Australia,lt-50,0.17,limited-signal-hosting
HostingCluster-503,1,1,HideIPVPN,Poland,lt-50,0.17,limited-signal-hosting
HostingCluster-504,1,1,Astrill,India,lt-50,0.17,limited-signal-hosting
HostingCluster-505,1,1,VPN Gate,Thailand,lt-50,0.17,limited-signal-hosting
HostingCluster-506,1,1,VPN Jantit,United States,lt-50,0.17,limited-signal-hosting
HostingCluster-507,1,1,IVPN,Australia,lt-50,0.17,limited-signal-hosting
HostingCluster-508,1,1,ProtonVPN,Iceland,lt-50,0.17,limited-signal-hosting
HostingCluster-509,1,1,ProtonVPN,Moldova,lt-50,0.17,limited-signal-hosting
HostingCluster-510,1,1,CactusVPN,Latvia,lt-50,0.17,limited-signal-hosting
HostingCluster-511,1,1,HideIPVPN,United Kingdom,lt-50,0.17,limited-signal-hosting
HostingCluster-512,1,1,FlowVPN,Switzerland,lt-50,0.17,limited-signal-hosting
HostingCluster-513,1,1,Sentinel dVPN,United Kingdom,lt-50,0.17,limited-signal-hosting
HostingCluster-514,1,1,Getflix,Türkiye,lt-50,0.17,limited-signal-hosting
HostingCluster-515,1,1,FlowVPN,Türkiye,lt-50,0.17,limited-signal-hosting
HostingCluster-516,1,1,VPN Jantit,Hungary,lt-50,0.17,limited-signal-hosting
HostingCluster-517,1,1,KevinVPN,United Kingdom,lt-50,0.17,limited-signal-hosting
HostingCluster-518,1,1,Trust.Zone,Bulgaria,lt-50,0.17,limited-signal-hosting
HostingCluster-519,1,1,Sentinel dVPN,Australia,lt-50,0.17,limited-signal-hosting
HostingCluster-520,1,1,Zoogvpn,Ukraine,lt-50,0.17,limited-signal-hosting
HostingCluster-521,1,1,FlowVPN,Singapore,lt-50,0.17,limited-signal-hosting
HostingCluster-522,1,1,Astrill,United States,lt-50,0.17,limited-signal-hosting
HostingCluster-523,1,1,Riseup VPN,Canada,lt-50,0.17,limited-signal-hosting
HostingCluster-524,1,1,RedShield VPN,Brazil,lt-50,0.17,limited-signal-hosting
HostingCluster-525,1,1,Astrill,Thailand,lt-50,0.17,limited-signal-hosting
HostingCluster-526,1,1,ProtonVPN,Switzerland,lt-50,0.17,limited-signal-hosting
HostingCluster-527,1,1,RedShield VPN,United States,lt-50,0.17,limited-signal-hosting
HostingCluster-528,1,1,OVPN,Germany,lt-50,0.17,limited-signal-hosting
HostingCluster-529,1,1,VPN Jantit,Cambodia,lt-50,0.17,limited-signal-hosting
HostingCluster-530,1,1,VPN Jantit,Indonesia,lt-50,0.17,limited-signal-hosting
HostingCluster-531,1,1,FlowVPN,Sweden,lt-50,0.17,limited-signal-hosting
HostingCluster-532,1,1,Trust.Zone,Bulgaria,lt-50,0.17,limited-signal-hosting
HostingCluster-533,1,1,Astrill,Spain,lt-50,0.17,limited-signal-hosting
HostingCluster-534,1,1,Sentinel dVPN,United States,lt-50,0.17,limited-signal-hosting
HostingCluster-535,1,1,Sentinel dVPN,Italy,lt-50,0.17,limited-signal-hosting
HostingCluster-536,1,1,Sentinel dVPN,Seychelles,lt-50,0.17,limited-signal-hosting
HostingCluster-537,1,1,Sentinel dVPN,United States,lt-50,0.17,limited-signal-hosting
HostingCluster-538,1,1,SotaVPN,Latvia,lt-50,0.17,limited-signal-hosting
HostingCluster-539,1,1,Sentinel dVPN,United States,lt-50,0.17,limited-signal-hosting
HostingCluster-540,1,1,Sentinel dVPN,United States,lt-50,0.17,limited-signal-hosting
HostingCluster-541,1,1,Astrill,Greece,lt-50,0.17,limited-signal-hosting
HostingCluster-542,1,1,GhostPath,United Kingdom,lt-50,0.17,limited-signal-hosting
HostingCluster-543,1,1,Sentinel dVPN,Kyrgyzstan,lt-50,0.17,limited-signal-hosting
HostingCluster-544,1,1,Sentinel dVPN,Switzerland,lt-50,0.17,limited-signal-hosting
HostingCluster-545,1,1,KevinVPN,Switzerland,lt-50,0.17,limited-signal-hosting
HostingCluster-546,1,1,ProtonVPN,Cyprus,lt-50,0.17,limited-signal-hosting
HostingCluster-547,1,1,CactusVPN,Romania,lt-50,0.17,limited-signal-hosting
HostingCluster-548,1,1,Astrill,Czechia,lt-50,0.17,limited-signal-hosting
HostingCluster-549,1,1,Astrill,United States,lt-50,0.17,limited-signal-hosting
HostingCluster-550,1,1,FlowVPN,Italy,lt-50,0.17,limited-signal-hosting
HostingCluster-551,1,1,Sentinel dVPN,United Kingdom,lt-50,0.17,limited-signal-hosting
HostingCluster-552,1,1,Sentinel dVPN,Denmark,lt-50,0.17,limited-signal-hosting
HostingCluster-553,1,1,Sentinel dVPN,Ukraine,lt-50,0.17,limited-signal-hosting
HostingCluster-554,1,1,Sentinel dVPN,Ukraine,lt-50,0.17,limited-signal-hosting
HostingCluster-555,1,1,Sentinel dVPN,United States,lt-50,0.17,limited-signal-hosting
HostingCluster-556,1,1,VPN Gate,Thailand,lt-50,0.17,limited-signal-hosting
HostingCluster-557,1,1,AzireVPN,South Africa,lt-50,0.17,limited-signal-hosting
HostingCluster-558,1,1,VPNSecure,United Kingdom,lt-50,0.17,limited-signal-hosting
HostingCluster-559,1,1,Safervpn,Thailand,lt-50,0.17,limited-signal-hosting
HostingCluster-560,1,1,Sentinel dVPN,Indonesia,lt-50,0.17,limited-signal-hosting
HostingCluster-561,1,1,Zoogvpn,Vietnam,lt-50,0.17,limited-signal-hosting
HostingCluster-562,1,1,FlowVPN,Indonesia,lt-50,0.17,limited-signal-hosting
HostingCluster-563,1,1,FlowVPN,United States,lt-50,0.17,limited-signal-hosting
HostingCluster-564,1,1,Zoogvpn,New Zealand,lt-50,0.17,limited-signal-hosting
HostingCluster-565,1,1,GhostPath,United States,lt-50,0.17,limited-signal-hosting
HostingCluster-566,1,1,FlowVPN,Canada,lt-50,0.17,limited-signal-hosting
HostingCluster-567,1,1,GhostPath,United States,lt-50,0.17,limited-signal-hosting
HostingCluster-568,1,1,Sentinel dVPN,Germany,lt-50,0.17,limited-signal-hosting
HostingCluster-569,1,1,VPN Gate,Japan,lt-50,0.17,limited-signal-hosting
HostingCluster-570,1,1,VPN Gate,South Korea,lt-50,0.17,limited-signal-hosting
HostingCluster-571,1,1,Astrill,Indonesia,lt-50,0.17,limited-signal-hosting
HostingCluster-572,1,1,FlowVPN,Singapore,lt-50,0.17,limited-signal-hosting
HostingCluster-573,1,1,GhostPath,Australia,lt-50,0.17,limited-signal-hosting
HostingCluster-574,1,1,GhostPath,Malaysia,lt-50,0.17,limited-signal-hosting
HostingCluster-575,1,1,GhostPath,Indonesia,lt-50,0.17,limited-signal-hosting
HostingCluster-576,1,1,VPN Gate,South Korea,lt-50,0.17,limited-signal-hosting
HostingCluster-577,1,1,GhostPath,Thailand,lt-50,0.17,limited-signal-hosting
HostingCluster-578,1,1,VPN Gate,South Korea,lt-50,0.17,limited-signal-hosting
HostingCluster-579,1,1,PrivateVPN,Malta,lt-50,0.17,limited-signal-hosting
HostingCluster-580,1,1,KeyDrop,Russia,lt-50,0.17,limited-signal-hosting
HostingCluster-581,1,1,KevinVPN,Italy,lt-50,0.17,limited-signal-hosting
HostingCluster-582,1,1,KeyDrop,Russia,lt-50,0.17,limited-signal-hosting
HostingCluster-583,1,1,Zoogvpn,United States,lt-50,0.17,limited-signal-hosting
HostingCluster-584,1,1,VPNSecure,United Kingdom,lt-50,0.17,limited-signal-hosting
HostingCluster-585,1,1,Sentinel dVPN,Malaysia,lt-50,0.17,limited-signal-hosting
HostingCluster-586,1,1,Sentinel dVPN,China,lt-50,0.17,limited-signal-hosting
HostingCluster-587,1,1,KeyDrop,Russia,lt-50,0.17,limited-signal-hosting
HostingCluster-588,1,1,FlowVPN,United Kingdom,lt-50,0.17,limited-signal-hosting
HostingCluster-589,1,1,FlowVPN,Hong Kong,lt-50,0.17,limited-signal-hosting
HostingCluster-590,1,1,Sentinel dVPN,India,lt-50,0.17,limited-signal-hosting
HostingCluster-591,1,1,GhostPath,United States,lt-50,0.17,limited-signal-hosting
HostingCluster-592,1,1,Vpnht,Netherlands,lt-50,0.17,limited-signal-hosting
HostingCluster-593,1,1,PrivateVPN,Peru,lt-50,0.17,limited-signal-hosting
HostingCluster-594,1,1,PureVPN,United Kingdom,lt-50,0.17,limited-signal-hosting
HostingCluster-595,1,1,FlowVPN,United States,lt-50,0.17,limited-signal-hosting
HostingCluster-596,1,1,Sentinel dVPN,Australia,lt-50,0.17,limited-signal-hosting
HostingCluster-597,1,1,Vpnfacile,United Kingdom,lt-50,0.17,limited-signal-hosting
HostingCluster-598,1,1,Zoogvpn,Armenia,lt-50,0.17,limited-signal-hosting
HostingCluster-599,1,1,VPNObratno,Russia,lt-50,0.17,limited-signal-hosting
HostingCluster-600,1,1,ProtonVPN,Croatia,lt-50,0.17,limited-signal-hosting
HostingCluster-601,1,1,VPN Gate,Japan,lt-50,0.17,limited-signal-hosting
HostingCluster-602,1,1,VPN Gate,South Korea,lt-50,0.17,limited-signal-hosting
HostingCluster-603,1,1,VPN Gate,South Korea,lt-50,0.17,limited-signal-hosting
HostingCluster-604,1,1,VPN Gate,South Korea,lt-50,0.17,limited-signal-hosting
HostingCluster-605,1,1,Sentinel dVPN,Hong Kong,lt-50,0.17,limited-signal-hosting
HostingCluster-606,1,1,VPN Gate,Laos,lt-50,0.17,limited-signal-hosting
HostingCluster-607,1,1,FlowVPN,France,lt-50,0.17,limited-signal-hosting
HostingCluster-608,1,1,LimeVPN,United States,lt-50,0.17,limited-signal-hosting
HostingCluster-609,1,1,FlowVPN,United Kingdom,lt-50,0.17,limited-signal-hosting
HostingCluster-610,1,1,AzireVPN,Norway,lt-50,0.17,limited-signal-hosting
HostingCluster-611,1,1,FlowVPN,Denmark,lt-50,0.17,limited-signal-hosting
HostingCluster-612,1,1,Sentinel dVPN,Netherlands,lt-50,0.17,limited-signal-hosting
HostingCluster-613,1,1,Hide.me,Switzerland,lt-50,0.17,limited-signal-hosting
HostingCluster-614,1,1,Sentinel dVPN,Spain,lt-50,0.17,limited-signal-hosting
HostingCluster-615,1,1,Hotspotshield,United Kingdom,lt-50,0.17,limited-signal-hosting
HostingCluster-616,1,1,Riseup VPN,United States,lt-50,0.17,limited-signal-hosting
HostingCluster-617,1,1,Sentinel dVPN,Netherlands,lt-50,0.17,limited-signal-hosting
HostingCluster-618,1,1,FlowVPN,Austria,lt-50,0.17,limited-signal-hosting
HostingCluster-619,1,1,GhostPath,Greece,lt-50,0.17,limited-signal-hosting
HostingCluster-620,1,1,ProtonVPN,North Macedonia,lt-50,0.17,limited-signal-hosting
HostingCluster-621,1,1,SwitchVPN,Singapore,lt-50,0.17,limited-signal-hosting
HostingCluster-622,1,1,SwitchVPN,Czechia,lt-50,0.17,limited-signal-hosting
HostingCluster-623,1,1,GhostPath,Netherlands,lt-50,0.17,limited-signal-hosting
HostingCluster-624,1,1,TorGuard,United Kingdom,lt-50,0.17,limited-signal-hosting
HostingCluster-625,1,1,FlowVPN,United Kingdom,lt-50,0.17,limited-signal-hosting
HostingCluster-626,1,1,FlowVPN,United Kingdom,lt-50,0.17,limited-signal-hosting
HostingCluster-627,1,1,VPN Jantit,Thailand,lt-50,0.17,limited-signal-hosting
HostingCluster-628,1,1,OVPN,Sweden,lt-50,0.17,limited-signal-hosting
HostingCluster-629,1,1,PrivateVPN,Germany,lt-50,0.17,limited-signal-hosting
HostingCluster-630,1,1,Zoogvpn,Kazakhstan,lt-50,0.17,limited-signal-hosting
HostingCluster-631,1,1,Sentinel dVPN,Georgia,lt-50,0.17,limited-signal-hosting
HostingCluster-632,1,1,Smartdnsproxy,Türkiye,lt-50,0.17,limited-signal-hosting
HostingCluster-633,1,1,VPNObratno,Russia,lt-50,0.17,limited-signal-hosting
HostingCluster-634,1,1,FlowVPN,Chile,lt-50,0.17,limited-signal-hosting
HostingCluster-635,1,1,Sentinel dVPN,Argentina,lt-50,0.17,limited-signal-hosting
HostingCluster-636,1,1,Kompot VPN,Argentina,lt-50,0.17,limited-signal-hosting
HostingCluster-637,1,1,PrivateVPN,Sweden,lt-50,0.17,limited-signal-hosting
HostingCluster-638,1,1,VPNSecure,Latvia,lt-50,0.17,limited-signal-hosting
HostingCluster-639,1,1,HideIPVPN,Spain,lt-50,0.17,limited-signal-hosting
HostingCluster-640,1,1,SwitchVPN,Switzerland,lt-50,0.17,limited-signal-hosting
HostingCluster-641,1,1,GhostPath,United States,lt-50,0.17,limited-signal-hosting
HostingCluster-642,1,1,CactusVPN,United States,lt-50,0.17,limited-signal-hosting
HostingCluster-643,1,1,SwitchVPN,United Kingdom,lt-50,0.17,limited-signal-hosting
HostingCluster-644,1,1,Hotspotshield,Marshall Islands,lt-50,0.17,limited-signal-hosting
HostingCluster-645,1,1,FlowVPN,France,lt-50,0.17,limited-signal-hosting
HostingCluster-646,1,1,Hotspotshield,Singapore,lt-50,0.17,limited-signal-hosting
HostingCluster-647,1,1,Sentinel dVPN,United States,lt-50,0.17,limited-signal-hosting
HostingCluster-648,1,1,FreeVPN,Singapore,lt-50,0.17,limited-signal-hosting
HostingCluster-649,1,1,Sentinel dVPN,Ukraine,lt-50,0.17,limited-signal-hosting
HostingCluster-650,1,1,FlowVPN,Croatia,lt-50,0.17,limited-signal-hosting
HostingCluster-651,1,1,AnonymousVPN,Germany,lt-50,0.17,limited-signal-hosting
HostingCluster-652,1,1,VPN Jantit,Romania,lt-50,0.17,limited-signal-hosting
HostingCluster-653,1,1,KeyDrop,Russia,lt-50,0.17,limited-signal-hosting
HostingCluster-654,1,1,Sentinel dVPN,United Kingdom,lt-50,0.17,limited-signal-hosting
HostingCluster-655,1,1,CactusVPN,Moldova,lt-50,0.17,limited-signal-hosting
HostingCluster-656,1,1,Sentinel dVPN,United Kingdom,lt-50,0.17,limited-signal-hosting
HostingCluster-657,1,1,FlowVPN,Kazakhstan,lt-50,0.17,limited-signal-hosting
HostingCluster-658,1,1,ProtonVPN,Seychelles,lt-50,0.17,limited-signal-hosting
HostingCluster-659,1,1,Sentinel dVPN,Canada,lt-50,0.17,limited-signal-hosting
HostingCluster-660,1,1,Sentinel dVPN,United Arab Emirates,lt-50,0.17,limited-signal-hosting
HostingCluster-661,1,1,GhostPath,United States,lt-50,0.17,limited-signal-hosting
HostingCluster-662,1,1,Vpnht,Japan,lt-50,0.17,limited-signal-hosting
HostingCluster-663,1,1,VPN Gate,Japan,lt-50,0.17,limited-signal-hosting
HostingCluster-664,1,1,Hotspotshield,Bangladesh,lt-50,0.17,limited-signal-hosting
HostingCluster-665,1,1,ProtonVPN,United States,lt-50,0.17,limited-signal-hosting
HostingCluster-666,1,1,GhostPath,Canada,lt-50,0.17,limited-signal-hosting
HostingCluster-667,1,1,Sentinel dVPN,Australia,lt-50,0.17,limited-signal-hosting
HostingCluster-668,1,1,AzireVPN,Canada,lt-50,0.17,limited-signal-hosting
HostingCluster-669,1,1,PrivateVPN,Vietnam,lt-50,0.17,limited-signal-hosting
HostingCluster-670,1,1,FlowVPN,Switzerland,lt-50,0.17,limited-signal-hosting
HostingCluster-671,1,1,Sentinel dVPN,Türkiye,lt-50,0.17,limited-signal-hosting
HostingCluster-672,1,1,Zoogvpn,Türkiye,lt-50,0.17,limited-signal-hosting
HostingCluster-673,1,1,GhostPath,Poland,lt-50,0.17,limited-signal-hosting
HostingCluster-674,1,1,Hide.me,Poland,lt-50,0.17,limited-signal-hosting
HostingCluster-675,1,1,ProtonVPN,Palestine,lt-50,0.17,limited-signal-hosting
HostingCluster-676,1,1,Astrill,United States,lt-50,0.17,limited-signal-hosting
HostingCluster-677,1,1,PrivateVPN,Latvia,lt-50,0.17,limited-signal-hosting
HostingCluster-678,1,1,VPN Gate,South Korea,lt-50,0.17,limited-signal-hosting
HostingCluster-679,1,1,VPN Gate,Japan,lt-50,0.17,limited-signal-hosting
HostingCluster-680,1,1,PureVPN,United States,lt-50,0.17,limited-signal-hosting
HostingCluster-681,1,1,VPN Gate,United States,lt-50,0.17,limited-signal-hosting
HostingCluster-682,1,1,Sentinel dVPN,Hong Kong,lt-50,0.17,limited-signal-hosting
HostingCluster-683,1,1,VPNObratno,Russia,lt-50,0.17,limited-signal-hosting
HostingCluster-684,1,1,Sentinel dVPN,France,lt-50,0.17,limited-signal-hosting
HostingCluster-685,1,1,Sentinel dVPN,Italy,lt-50,0.17,limited-signal-hosting
HostingCluster-686,1,1,Hotspotshield,Lithuania,lt-50,0.17,limited-signal-hosting
HostingCluster-687,1,1,Sentinel dVPN,Italy,lt-50,0.17,limited-signal-hosting
HostingCluster-688,1,1,Zoogvpn,Austria,lt-50,0.17,limited-signal-hosting
HostingCluster-689,1,1,Sentinel dVPN,Canada,lt-50,0.17,limited-signal-hosting
HostingCluster-690,1,1,Zoogvpn,Latvia,lt-50,0.17,limited-signal-hosting
HostingCluster-691,1,1,Sentinel dVPN,Albania,lt-50,0.17,limited-signal-hosting
HostingCluster-692,1,1,FlowVPN,Tunisia,lt-50,0.17,limited-signal-hosting
HostingCluster-693,1,1,Sentinel dVPN,Vietnam,lt-50,0.17,limited-signal-hosting
HostingCluster-694,1,1,VPN Gate,Japan,lt-50,0.17,limited-signal-hosting
HostingCluster-695,1,1,FlowVPN,Hong Kong,lt-50,0.17,limited-signal-hosting
HostingCluster-696,1,1,VPN Jantit,United States,lt-50,0.17,limited-signal-hosting
HostingCluster-697,1,1,FlowVPN,India,lt-50,0.17,limited-signal-hosting
HostingCluster-698,1,1,CactusVPN,Netherlands,lt-50,0.17,limited-signal-hosting
HostingCluster-699,1,1,CactusVPN,Netherlands,lt-50,0.17,limited-signal-hosting
HostingCluster-700,1,1,FlowVPN,Mexico,lt-50,0.17,limited-signal-hosting
HostingCluster-701,1,1,Sentinel dVPN,Malaysia,lt-50,0.17,limited-signal-hosting
HostingCluster-702,1,1,Sentinel dVPN,United Kingdom,lt-50,0.17,limited-signal-hosting
HostingCluster-703,1,1,Sentinel dVPN,Netherlands,lt-50,0.17,limited-signal-hosting
HostingCluster-704,1,1,VPNObratno,Russia,lt-50,0.17,limited-signal-hosting
HostingCluster-705,1,1,Kompot VPN,Russia,lt-50,0.17,limited-signal-hosting
HostingCluster-706,1,1,VPN Gate,Russia,lt-50,0.17,limited-signal-hosting
HostingCluster-707,1,1,GhostPath,Russia,lt-50,0.17,limited-signal-hosting
HostingCluster-708,1,1,VPN Jantit,China,lt-50,0.17,limited-signal-hosting
HostingCluster-709,1,1,FlowVPN,Germany,lt-50,0.17,limited-signal-hosting
HostingCluster-710,1,1,VPN Jantit,Moldova,lt-50,0.17,limited-signal-hosting
HostingCluster-711,1,1,GhostPath,Spain,lt-50,0.17,limited-signal-hosting
HostingCluster-712,1,1,Sentinel dVPN,Portugal,lt-50,0.17,limited-signal-hosting
HostingCluster-713,1,1,FreeVPN,Estonia,lt-50,0.17,limited-signal-hosting
HostingCluster-714,1,1,Sentinel dVPN,Germany,lt-50,0.17,limited-signal-hosting
HostingCluster-715,1,1,FlowVPN,Germany,lt-50,0.17,limited-signal-hosting
HostingCluster-716,1,1,VPN Jantit,Estonia,lt-50,0.17,limited-signal-hosting
HostingCluster-717,1,1,FlowVPN,United States,lt-50,0.17,limited-signal-hosting
HostingCluster-718,1,1,Hotspotshield,France,lt-50,0.17,limited-signal-hosting
HostingCluster-719,1,1,FlowVPN,Azerbaijan,lt-50,0.17,limited-signal-hosting
HostingCluster-720,1,1,Safervpn,Israel,lt-50,0.17,limited-signal-hosting
HostingCluster-721,1,1,Sentinel dVPN,Jamaica,lt-50,0.17,limited-signal-hosting
HostingCluster-722,1,1,FlowVPN,United States,lt-50,0.17,limited-signal-hosting
HostingCluster-723,1,1,Safervpn,United States,lt-50,0.17,limited-signal-hosting
HostingCluster-724,1,1,FlowVPN,United States,lt-50,0.17,limited-signal-hosting
HostingCluster-725,1,1,FlowVPN,United States,lt-50,0.17,limited-signal-hosting
HostingCluster-726,1,1,CactusVPN,United States,lt-50,0.17,limited-signal-hosting
HostingCluster-727,1,1,CactusVPN,United States,lt-50,0.17,limited-signal-hosting
HostingCluster-728,1,1,Sentinel dVPN,Netherlands,lt-50,0.17,limited-signal-hosting
HostingCluster-729,1,1,Sentinel dVPN,Germany,lt-50,0.17,limited-signal-hosting
HostingCluster-730,1,1,Sentinel dVPN,Czechia,lt-50,0.17,limited-signal-hosting
HostingCluster-731,1,1,Astrill,Kazakhstan,lt-50,0.17,limited-signal-hosting
HostingCluster-732,1,1,VPN Jantit,Türkiye,lt-50,0.17,limited-signal-hosting
HostingCluster-733,1,1,Sentinel dVPN,China,lt-50,0.17,limited-signal-hosting
HostingCluster-734,1,1,PrivateVPN,Finland,lt-50,0.17,limited-signal-hosting
HostingCluster-735,1,1,AnonymousVPN,Romania,lt-50,0.17,limited-signal-hosting
HostingCluster-736,1,1,MoriVPN,United States,lt-50,0.17,limited-signal-hosting
HostingCluster-737,1,1,Sentinel dVPN,Sweden,lt-50,0.17,limited-signal-hosting
HostingCluster-738,1,1,FlowVPN,United States,lt-50,0.17,limited-signal-hosting
HostingCluster-739,1,1,GhostPath,Netherlands,lt-50,0.17,limited-signal-hosting
HostingCluster-740,1,1,Sentinel dVPN,France,lt-50,0.17,limited-signal-hosting
HostingCluster-741,1,1,SwitchVPN,Belgium,lt-50,0.17,limited-signal-hosting
HostingCluster-742,1,1,Kompot VPN,Russia,lt-50,0.17,limited-signal-hosting
HostingCluster-743,1,1,PrivateVPN,Isle of Man,lt-50,0.17,limited-signal-hosting
HostingCluster-744,1,1,Sentinel dVPN,United States,lt-50,0.17,limited-signal-hosting
HostingCluster-745,1,1,Sentinel dVPN,Hong Kong,lt-50,0.17,limited-signal-hosting
HostingCluster-746,1,1,Sentinel dVPN,Poland,lt-50,0.17,limited-signal-hosting
HostingCluster-747,1,1,PrivateVPN,Croatia,lt-50,0.17,limited-signal-hosting
HostingCluster-748,1,1,Sentinel dVPN,Romania,lt-50,0.17,limited-signal-hosting
HostingCluster-749,1,1,Sentinel dVPN,Romania,lt-50,0.17,limited-signal-hosting
HostingCluster-750,1,1,VPN Gate,Russia,lt-50,0.17,limited-signal-hosting
HostingCluster-751,1,1,FlowVPN,Italy,lt-50,0.17,limited-signal-hosting
HostingCluster-752,1,1,Sentinel dVPN,United Kingdom,lt-50,0.17,limited-signal-hosting
HostingCluster-753,1,1,Sentinel dVPN,France,lt-50,0.17,limited-signal-hosting
HostingCluster-754,1,1,FlowVPN,Poland,lt-50,0.17,limited-signal-hosting
HostingCluster-755,1,1,VPN Jantit,Estonia,lt-50,0.17,limited-signal-hosting
HostingCluster-756,1,1,RedShield VPN,Türkiye,lt-50,0.17,limited-signal-hosting
HostingCluster-757,1,1,GhostPath,United Kingdom,lt-50,0.17,limited-signal-hosting
HostingCluster-758,1,1,VPN Gate,Ukraine,lt-50,0.17,limited-signal-hosting
HostingCluster-759,1,1,FlowVPN,United Kingdom,lt-50,0.17,limited-signal-hosting
HostingCluster-760,1,1,GhostPath,Ireland,lt-50,0.17,limited-signal-hosting
HostingCluster-761,1,1,AnonymousVPN,Latvia,lt-50,0.17,limited-signal-hosting
HostingCluster-762,1,1,GhostPath,Denmark,lt-50,0.17,limited-signal-hosting
HostingCluster-763,1,1,Sentinel dVPN,Iceland,lt-50,0.17,limited-signal-hosting
HostingCluster-764,1,1,Sentinel dVPN,Jordan,lt-50,0.17,limited-signal-hosting
HostingCluster-765,1,1,Safervpn,Finland,lt-50,0.17,limited-signal-hosting
HostingCluster-766,1,1,Sentinel dVPN,United States,lt-50,0.17,limited-signal-hosting
HostingCluster-767,1,1,Sentinel dVPN,United States,lt-50,0.17,limited-signal-hosting
HostingCluster-768,1,1,Sentinel dVPN,Hong Kong,lt-50,0.17,limited-signal-hosting
HostingCluster-769,1,1,Sentinel dVPN,United States,lt-50,0.17,limited-signal-hosting
HostingCluster-770,1,1,KevinVPN,Germany,lt-50,0.17,limited-signal-hosting
HostingCluster-771,1,1,KevinVPN,United Kingdom,lt-50,0.17,limited-signal-hosting
HostingCluster-772,1,1,Sentinel dVPN,Estonia,lt-50,0.17,limited-signal-hosting
